Filename,Label,Contrast0,Contrast45,Contrast90,Contrast135,Homogeneity0,Homogeneity45,Homogeneity90,Homogeneity135,Dissimilarity0,Dissimilarity45,Dissimilarity90,Dissimilarity135,Entropy0,Entropy45,Entropy90,Entropy135,ASM0,ASM45,ASM90,ASM135,Energy0,Energy45,Energy90,Energy135,Correlation0,Correlation45,Correlation90,Correlation135
1.jpg,Clean,951.9586844809867,3439.778013560374,2739.548869475848,2772.9115470213756,0.05890171811238352,0.032856517309709725,0.039422023810835774,0.03908043161402362,22.72487153134635,43.00941980228766,37.49614594039054,37.61627244966616,9.39674719501372,9.68772523750039,9.620226069434729,9.624354171883923,0.000118737780294044,8.193923038109073e-05,9.074138428209127e-05,9.00077854323476e-05,0.01089668666586518,0.009052029075356018,0.009525827222981282,0.009487243299944806,0.8390247954740429,0.4194600205209792,0.5384386790809728,0.5319918702661179
10.jpg,Clean,17.24110996916752,671.2590963200662,665.136228160329,669.0144402463641,0.7407162600138347,0.4662313640580506,0.4963998702033383,0.46698984850567904,1.478828365878726,10.41317737177165,10.244141829393632,10.362093059365458,4.381956214243086,5.185524127301037,5.116836604179818,5.1799542496826305,0.09359294872133418,0.06700222810254637,0.07446787966778247,0.06725406774314353,0.3059296466858584,0.2588478860306693,0.2728880350396156,0.25933389239191923,0.9923968765194302,0.705664607199874,0.7083167463410766,0.7066486369441167
11.jpg,Clean,349.208170606372,663.4395217638839,517.4171634121275,683.7097458723669,0.20780301302788987,0.1366476959464748,0.1510893932728511,0.13323034481903576,11.903340184994862,16.558718492831634,14.141212744090446,16.66984110553284,7.900224802253008,8.148011663542254,8.054402303532093,8.152453372947543,0.0016589092549187782,0.000930549240016719,0.0010559515975532602,0.0009154622207442492,0.040729709732807796,0.030504905179605444,0.03249540886884269,0.03025660623308981,0.7980961585995274,0.6172849201536028,0.7010732661023442,0.6055809761128838
12.jpg,Clean,161.1695272353546,508.7102634439211,422.6534943473793,490.0354018943119,0.3166916999073746,0.1667878004590906,0.17534413646943098,0.16885634088741763,6.854727646454266,13.85720200817763,12.684635149023642,13.524869313182549,7.147125664947902,7.731706857256523,7.682957531553784,7.720890827276865,0.005399128208811605,0.002070112094865549,0.0021937415564538534,0.00209379003580116,0.07347876025635983,0.04549848453372429,0.04683739485127085,0.045757950520113555,0.8952049682299665,0.6703473017599433,0.7253355704166289,0.6824452345601834
13.jpg,Clean,253.3003597122302,791.3121991615341,645.8696300102777,715.8335489881476,0.3578429856457349,0.23945761871826401,0.25708017979298353,0.23807649062524555,9.098920863309354,16.31463174783914,14.374254881808838,15.697634697996998,7.052688881704621,7.497392998126575,7.426089712315444,7.489522718294871,0.016887497636599285,0.009012515719183328,0.010124523490882819,0.008974926753552773,0.12995190509030363,0.09493427052009895,0.10062069116679143,0.09473609002673043,0.8782370098676886,0.6201023491335271,0.6902197685618382,0.6563405491897871
14.jpg,Clean,21.12014388489209,478.54722840432686,480.89275436793434,502.275555095492,0.4018876772026903,0.18449687645301163,0.2207430940558193,0.16883358844359828,2.89393627954779,10.346617669892863,10.121531346351492,11.055431913462035,6.542485528814897,7.277634896703101,7.220245971198197,7.339382571061213,0.0035299977607108255,0.0016859355610529894,0.002000392931873853,0.001557979850369611,0.059413784265192414,0.04106014565309029,0.04472575244614509,0.03947125346843714,0.9865810285947102,0.6974823016102415,0.6965012148761581,0.6824862747068076
15.jpg,Clean,224.47384378211714,756.9880958542517,618.084892086331,681.2274726981004,0.3673774845834115,0.26371784189286035,0.2813431577844198,0.26345296330613854,8.481551901336074,15.684126080430612,13.760637204522096,15.02955333574866,6.960102757584707,7.383275092301792,7.3064224860336555,7.369000071581197,0.0185304519561564,0.010758062686463277,0.011954791181003224,0.01077205809345707,0.13612660267617202,0.1037210812056222,0.10933796770108371,0.10378852582755509,0.8902373057047855,0.6304538649697333,0.6985823019067113,0.6674416126104055
16.jpg,Clean,1371.040955806783,1721.6149785207801,973.0677800616646,1522.341390197195,0.037068199090895156,0.031554265067059155,0.04247890864801096,0.03230667390642405,28.32790339157245,32.42663423218259,24.43653648509763,30.445215050980806,9.218767056768074,9.257873137640619,9.158234320719615,9.245583265612414,0.00012559560338808672,0.00011892412590405822,0.0001331822517320162,0.0001206519539279828,0.011206944426920601,0.010905233876632734,0.011540461504290727,0.010984168331192982,0.34418994706899475,0.17209142505762534,0.5321016962785761,0.26799977014697446
17.jpg,Clean,1519.5684994861247,2249.406707727343,2039.445632065776,2698.385901350862,0.034039438877032056,0.02830487842463242,0.030664409937368232,0.02601654862125851,30.512898252826307,37.40577609854563,35.057862281603285,40.950985973810866,9.486520174741692,9.563405209710334,9.540937559498685,9.588853870174644,9.317608312410412e-05,8.56694637505712e-05,8.795415583551365e-05,8.313263717901069e-05,0.009652775928410651,0.00925578001848419,0.0093783876991471,0.00911771008417194,0.5184415832736897,0.2868701646801114,0.3538420577721101,0.14457743764159145
18.jpg,Clean,496.2758478931141,1415.8251643289684,1481.3415724563204,1954.6077325190208,0.07983502312002629,0.05239346738176624,0.053905566591882094,0.04677310887173121,16.034224049331964,26.797060193571763,27.266341212744088,31.401583768956055,8.964933937891946,9.248612327513248,9.243599926386784,9.322677119313456,0.00019502016944658926,0.00014120641040484,0.00014629846555878182,0.00013014697165015404,0.013964962207130718,0.01188303035445252,0.012095390260706012,0.011408197563601098,0.8685309459766023,0.6259490697011643,0.6092334122774554,0.4836154819748846
19.jpg,Clean,221.82096608427545,627.2153615237306,368.1190647482014,359.0866932353398,0.21487652158236661,0.15620324461054924,0.20168245961959944,0.163027835238321,7.636896197327853,12.375756948398116,9.397379239465572,9.939030070907304,7.014284866193504,7.1999285709950716,7.061512658295839,7.150017272550861,0.002216484337122874,0.001760052686271507,0.0021239723828043724,0.0018018755002614634,0.04707955328083385,0.041952981851967414,0.04608657486518577,0.0424485040992196,0.9048857793588155,0.729965255191557,0.8413285556438357,0.8454037756518051
2.jpg,Clean,272.00334018499495,518.1374152476578,408.1947070914697,519.7264634335696,0.39285047831326714,0.2150869345954789,0.24698225992701442,0.21315611871477536,7.770554984583763,11.937322084778216,10.567471736896197,12.128409502613737,6.90509776400907,7.402097902277058,7.315170390839728,7.416033072250687,0.00664365937876626,0.0033873184404004907,0.004027450041141657,0.0034012254468907314,0.08150864603688532,0.058200673882700796,0.06346219379395623,0.0583200261221712,0.832992150284505,0.682552209582442,0.7513149231914321,0.6815809520458337
20.jpg,Clean,164.28951695786222,222.47849490192024,310.0116649537512,557.3407691113295,0.6923387773121059,0.5985020607609035,0.6590777354824406,0.5929533360479737,4.394964028776977,5.4730604006003825,6.013617677286741,8.063920086952018,3.7396374077129018,3.9525679798101865,3.8335615872734508,3.989328137595218,0.22264994391214368,0.18731055186101137,0.21123025966247985,0.18613035558076568,0.47185797006317876,0.4327938907390114,0.45959793261336573,0.4314282739700374,0.9143922684214209,0.884234099682603,0.8389582384811726,0.7099938014766537
21.jpg,Clean,837.8965570400825,679.9388230422857,983.3166495375127,1942.6969618549765,0.07098979125673069,0.05858786387206764,0.0614896537061318,0.04346227831103991,20.63643371017472,19.603436675120335,22.684994861253855,31.842658247502722,9.105662562814688,9.1044334581184,9.167640286998896,9.32831817469566,0.00016165792956590537,0.00015229665539561146,0.00014832518070112988,0.00012104305918611144,0.012714477164473,0.012340853106475721,0.012178882571941068,0.011001957061637327,0.7422939875380226,0.7905593986099346,0.6966932266335131,0.40156581943920905
22.jpg,Clean,742.7918807810895,1259.5052533512753,691.7125899280576,911.5973293307798,0.06381716270284901,0.0454536673062594,0.06748574086482521,0.04961422907075902,20.196505652620765,26.90725117747528,19.646916752312436,23.207804979038354,8.918760698006892,9.058103552115849,8.909768115253174,9.000687031585828,0.00018032483424506907,0.00015047640866343033,0.0001825680844254269,0.00016003705706247947,0.013428508265815271,0.012266882597605241,0.01351177576876655,0.012650575364878843,0.5724841198159848,0.27291847320518314,0.6008818820495359,0.4737337305794014
23.jpg,Clean,78.64815005138743,321.7235650328658,290.2447584789312,325.4101754567569,0.510744894234647,0.34478968600572324,0.3641538836743043,0.3380500761145401,3.902826310380267,7.808136224833084,7.122970195272354,7.736866621810466,5.5421193527941535,6.017538731423029,5.9497305807820755,6.020038859541099,0.02623292277938036,0.011945343061606948,0.012743393304736629,0.011725233844177793,0.16196580743904054,0.10929475312935634,0.11288663917725883,0.10828311892524058,0.929588799341264,0.7134492520272944,0.7414899600718502,0.7101645096410896
24.jpg,Clean,75.25334018499484,245.882718285803,196.76957862281597,235.42653071787174,0.4741006532131147,0.21892000710805604,0.25248532606026725,0.266625959060812,2.6084275436793414,6.887738729879406,6.053442959917779,5.874437140934735,5.213642794258852,5.8843022878171745,5.831342192376734,5.795170918043982,0.010754678741223727,0.004928405758182711,0.005714997375172831,0.0056005348776940606,0.10370476720587017,0.07020260506692548,0.0755976016496081,0.07483672145206563,0.9068365416962642,0.6969105630707384,0.7559330488658348,0.7097994721591249
25.jpg,Clean,94.36598150051385,397.3395786967548,383.75164439876664,422.03840380932667,0.29778786884984476,0.1970619481068921,0.2237345728071799,0.18450921016609073,5.814182939362795,11.479633559339579,11.097893114080167,11.98985559753636,6.8927073701109105,7.3006804274869195,7.241569682606033,7.3319586069494616,0.004063879420615614,0.0026010870406332465,0.0030781577938354065,0.0024693274294940964,0.06374856406708793,0.05100085333240265,0.05548114809406351,0.04969232767232882,0.9130721169219699,0.6358634777734968,0.6489948112875873,0.6132209363411262
26.jpg,Clean,908.7975847893116,1113.289633041768,911.6890030832479,1662.2118420371617,0.056653198052954885,0.046362839220866744,0.054555241374336864,0.03915765627013046,21.47261048304214,24.968324620878835,22.50287769784173,30.444956265203658,9.011355609425241,9.102309737652078,9.06057049276818,9.181587780508627,0.0001698321272507761,0.00015149301445425113,0.00015990980523465542,0.00013741054635848173,0.013031965594290682,0.01230824985342153,0.0126455448769381,0.011722224462894478,0.6295744219440071,0.5476144894128858,0.6296317301801463,0.32456029607294956
27.jpg,Clean,25.28232271325797,153.11842037161634,131.04928057553965,149.86631126753275,0.8317901169180624,0.5547011681787493,0.5959669747988396,0.5527933906153675,0.717677286742035,3.155374980591067,2.8813463514902375,3.14564463537084,3.164193585936121,3.9145789996207765,3.8219647234246494,3.912849492792818,0.10175045208290866,0.053861931234207294,0.061200208824278145,0.05380366458715554,0.31898346678614653,0.232081733952087,0.24738675959775647,0.23195616953889273,0.94725768547905,0.6826118442735252,0.7282180772422225,0.6893541274975559
28.jpg,Clean,1036.2179856115108,1641.8266135293202,1481.1053442959912,1894.2774701102426,0.0400176946593684,0.033019642353543426,0.035040645811641236,0.03234569003576642,24.977389516957867,31.60830184773044,29.586228160328876,33.83660266031779,9.218307661405824,9.313316467962395,9.286918513651418,9.32763603660849,0.00012616598836625903,0.00011300664977250892,0.00011716922160407041,0.00011205165645385918,0.011232363436350297,0.010630458587121673,0.010824473271437757,0.010585445500963065,0.5626938898774371,0.3063139438927884,0.3768988455867084,0.19959225261790897
29.jpg,Clean,143.74686536485103,732.9674965063919,703.245220966084,784.6606283318667,0.1696404695240111,0.09739934181183962,0.11447947836381718,0.09893575369916166,8.060534429599178,17.641271155737275,16.418807810894137,17.442678950364886,7.903467593826453,8.37852642129289,8.307630917982644,8.348757514031611,0.0007313602942341476,0.00044356827818221905,0.0005081007870256427,0.00045690469960409243,0.027043673830198213,0.0210610607088584,0.022541091078864012,0.021375329227969624,0.9260229254136969,0.6237855228401578,0.6397673224125409,0.597243795023894
3.jpg,Clean,1314.8660328879755,1763.1366388903266,1344.72816032888,1760.8655349102012,0.038829054023207604,0.03057255240100525,0.03744685995574215,0.03120006535284482,28.020914696813975,32.94120387143523,28.37440904419322,32.89565757465969,9.236185323369897,9.293169331784584,9.247442556980873,9.286003857728403,0.0001221072767391725,0.00011334953657415597,0.00012065754825298481,0.0001137875208871973,0.011050216139930137,0.010646573935973768,0.010984422982250129,0.010667123365143824,0.3701435711967952,0.15516572927324487,0.36080979870369645,0.1562297820781092
30.jpg,Clean,102.98072970195271,357.31282024739926,313.4115107913669,366.81869468454016,0.3199017682977701,0.19552936023186637,0.22000461208532346,0.18490330419878284,5.052261048304213,10.380466849541948,9.906988694758477,10.851301692458982,6.611926457570704,7.083616048185691,7.049654538350917,7.124601235466693,0.004539193634081137,0.0026833222787610725,0.0031880770526729403,0.0025602352927807676,0.06737353808492721,0.05180079419044724,0.056463059186276296,0.05059876770021941,0.9090009965155526,0.6860866755116624,0.7237422298130375,0.6777360319606528
31.jpg,Clean,196.25940390544707,672.9664613632832,614.6290339157247,668.8625329951864,0.40702076603072823,0.2900810170754228,0.3656585324156445,0.2846169492645368,7.011613566289825,13.017597432845086,12.003340184994864,12.996998084985245,6.405055313654383,6.770534002660797,6.613228429629645,6.775885096907954,0.014248604933407561,0.009179236390074784,0.013183274992104397,0.009023468005812494,0.11936752042916683,0.0958083315274553,0.11481844360600085,0.09499193653048923,0.9170646278411662,0.7171221134425385,0.7418284356638449,0.7188472758562904
32.jpg,Clean,287.51397738951687,341.86367165260606,267.2552929085303,460.2432068733502,0.09019528263306487,0.0747235191748439,0.08724374554702595,0.07452135033898709,12.002774922918803,13.882304228559597,11.942754367934224,14.609129962217276,7.78868914101863,7.857660211377282,7.786810858719202,7.8626621152581135,0.0005751421473304396,0.0005228635298662346,0.00057115737449682,0.0005230604218968679,0.023982121410134668,0.022866209346243522,0.023898899022691822,0.02287051424644553,0.6434156155892632,0.5775037962431219,0.6687316502516917,0.43117548620282087
33.jpg,Clean,145.4890544707092,887.0722529889757,701.0045220966084,599.0205475907044,0.3438282815583337,0.22112164700735176,0.2434397981470188,0.2252410881672824,6.913206577595068,16.056674085192277,14.646968139773895,14.246364059831272,7.018324020098642,7.534260528315103,7.4679044661784895,7.501772656028844,0.008595875905354123,0.004545256545373523,0.005344074175397606,0.004561282485145817,0.09271394666043574,0.06741851782243156,0.07310317486537507,0.06753726737991267,0.9305935385037671,0.5784352678044513,0.6666714951171953,0.71532818592135
34.jpg,Clean,413.86891058581705,878.2333212566634,676.1891058581705,819.6842295947412,0.211594180395095,0.15023209218183203,0.2193250868094582,0.1528532318314693,11.849383350462485,17.303141659334393,14.354676258992805,16.74742508151752,7.7662179548779955,7.984467354717761,7.788848312085884,7.96740010386693,0.0021822163470222207,0.0015039390152678405,0.0023799907365254468,0.0015015615774829829,0.04671419855913425,0.03878065258950448,0.04878514872915165,0.03874998809655279,0.840164231808398,0.661360812837636,0.7397066440931137,0.6839350799323161
35.jpg,Clean,88.21998972250769,369.87050359712237,359.09059609455284,395.9216914238394,0.31083389762262537,0.19954673444497648,0.22234772098702973,0.18973646220837487,5.591623843782117,11.049428083432534,10.738797533401844,11.572641167641429,6.833033035791461,7.252947885952385,7.206983767136831,7.286653959689017,0.004240791187340832,0.0026046686004285754,0.0029842647684817907,0.0024672205508261633,0.06512135738251186,0.05103595399743768,0.05462842454694983,0.04967112391345865,0.9119724109555607,0.6328219090884062,0.6443070316023439,0.6069572112732999
36.jpg,Clean,232.33257965056526,640.4168521298069,600.141726618705,752.9708607214949,0.3542849319128726,0.16076687974795015,0.18191991497174168,0.15964770715870535,7.875334018499485,16.069044045339268,15.155498458376158,17.180580715283895,7.5419755615936275,8.133426610173222,8.061134108932224,8.145740164864272,0.006849689826761407,0.0042573561963359235,0.004894278088027305,0.0043456348143427765,0.08276285293995976,0.06524841910985985,0.06995911726163578,0.06592142909815273,0.9154996386508413,0.7674805980724209,0.7820059212796285,0.726617795436993
37.jpg,Clean,58.25950668037,384.47445784379676,395.8958890030831,427.2541793903005,0.5124694664058348,0.35817750098970497,0.42223687232451745,0.34810468834503316,3.763206577595067,8.976709280057962,8.795683453237409,9.523213084208889,5.533331276337218,5.935099764735794,5.847059102527329,5.972542312604115,0.041051447932829804,0.03021039793992966,0.03511876286667039,0.028681157629024654,0.2026115690991751,0.1738113861055416,0.18740000764853346,0.1693551228307684,0.9528344950639516,0.6874745207758106,0.6784655037922508,0.6527356303562477
38.jpg,Clean,153.65519013360745,655.1272708451944,598.7880267214802,655.7622793851249,0.3956859861432712,0.23673404819738111,0.25998592445542335,0.23715303242987934,6.581706063720452,14.736297293100773,13.96469681397739,14.943584700584857,6.9332000331941765,7.4993751541863505,7.434797823557683,7.515786655972161,0.009809194341781017,0.005317743006240373,0.006605098977637741,0.005322481808991258,0.09904137691783681,0.0729228565419675,0.08127176002547097,0.0729553411957703,0.9268813860445916,0.6894457624398425,0.7159825078380128,0.6891440953586669
39.jpg,Clean,262.3432168550874,421.80730811034624,544.1377697841726,768.7919362351846,0.0970648015998956,0.07449044223522801,0.0727525779073732,0.05662355211775598,12.129650565262075,15.339630453910255,17.292651593011303,21.0118006314373,8.2147308451213,8.357699328744127,8.422638671793937,8.501189319775413,0.0003870154500390291,0.00032684077085121235,0.00031012966751837106,0.0002714953586213011,0.019672708253797418,0.01807873808790902,0.017610498786757037,0.016477116210711785,0.7213584333946083,0.5524013465204023,0.42260057803451134,0.18421075155169328
4.jpg,Clean,1217.8557553956832,1577.9060090057455,1110.4076567317575,1548.8202991563585,0.03971766029063809,0.033606406552501966,0.0423759180286398,0.033395271441926326,26.820606372045223,30.82666528647585,25.553802672148,30.62900470990114,9.168034104381189,9.206769484503425,9.139972842519684,9.201299704701979,0.00013247323151609384,0.00012586892303897973,0.00013685146435780463,0.00012622386445474714,0.011509701625849987,0.011219132009160946,0.011698353061769192,0.011234939450426387,0.388938331910459,0.20175409252784512,0.440242065577862,0.21642555308133526
40.jpg,Clean,152.19784172661872,232.40857098493862,114.28314491264129,193.28321515449508,0.32750440754253973,0.25196849387674153,0.3117173501287831,0.2583032710546683,5.91048304213772,7.757465969670307,5.954984583761561,7.442834221831167,6.347816071555198,6.582733732678549,6.415922114093483,6.564248543319151,0.007738193823153197,0.005418989710237643,0.007328736628961401,0.00552430819500447,0.08796700417288972,0.0736137875009678,0.08560804067937428,0.07432569000691801,0.8065138223212456,0.7039176522719617,0.8536892973643009,0.7537604507375912
41.jpg,Clean,84.73643371017472,318.7869675482636,283.70426515930114,297.81351896899747,0.32452918987264645,0.19443696657457643,0.21528891910368853,0.18882097929945116,5.317420349434739,9.868381553749805,9.371479958890031,10.155219709124788,6.729206245075477,7.153615174035656,7.103605565576669,7.185273659479255,0.00466588511601525,0.002353644655386857,0.002598914261631365,0.0022899159287369905,0.06830728450183955,0.04851437576004516,0.05097954748358762,0.0478530660327736,0.8984006986490017,0.6192075409379768,0.6645584468806803,0.6442561460643577
42.jpg,Clean,58.11798561151079,421.2363231716786,350.79244604316534,313.57326225350647,0.47857681019083503,0.3062008810790448,0.36722292942759654,0.31185674416997616,3.6028776978417265,9.59924434553077,8.623175745118187,8.578179183272088,5.766172449450338,6.296959886321473,6.177335451098427,6.26666418873288,0.019020670117847874,0.010889427174139599,0.014332652216209704,0.011017591831467725,0.13791544553764773,0.104352418151855,0.11971905535966154,0.10496471707896765,0.9530837187674768,0.6609450172799093,0.7187492115895472,0.7475793031501411
43.jpg,Clean,68.21521068859197,264.6228456084053,229.6471223021583,236.11443507064854,0.35573680171096866,0.22816600007092366,0.2688126246830168,0.23121294596228492,4.627852004110996,8.512085295792144,7.568396711202467,7.932560426478961,6.405906143939266,6.789773899850758,6.6794937956264775,6.757055738151749,0.0059960281664552355,0.0035954681412206403,0.00454477601298788,0.0036940869393396634,0.07743402460453179,0.05996222261741671,0.06741495392706191,0.060779000808993754,0.925264900898258,0.7117251416918154,0.7506598526465422,0.7427839116227342
44.jpg,Clean,33.82065775950667,238.95207287407484,229.6212744090442,250.4879664613633,0.55326563628057,0.40314793190657866,0.4194709464818631,0.3964936460417126,2.612538540596094,5.903783448061694,5.793627954779035,6.350809999482427,5.090900008640332,5.471418096310619,5.439149610299734,5.512833162214959,0.029648840903785546,0.017954293623306562,0.019488359393237138,0.017543635781074613,0.17218838783084517,0.13399363277151105,0.13960071415733208,0.13245239062045885,0.9657141409588155,0.7592674520928975,0.7683537717931733,0.7476460147275811
45.jpg,Clean,1232.812898252827,1737.9275399824025,1396.0490236382323,2010.3208426064896,0.04957184025858437,0.03918148158572542,0.04620490561564744,0.03518207384722989,26.0106372045221,31.38108793540707,27.847790339157246,33.893742559908894,9.301445901078996,9.390735972509063,9.341403719911737,9.42351561145601,0.00011887377486059904,0.00010600961597639903,0.00011332572467939611,0.0001022820614100564,0.010902925059845135,0.010296097123492913,0.010645455588155732,0.010113459418520272,0.5862183821948659,0.41578023093412625,0.5312804062521959,0.32420964097265426
46.jpg,Clean,621.3407502569371,1475.7495471248903,1088.646300102775,1166.2706899228813,0.0752193398999786,0.05403979356921413,0.061693237919875944,0.05721224586276226,18.58854059609455,28.395683453237414,23.85452209660843,25.245794731121574,8.867939760633547,9.079989958203255,9.001562933640571,9.030135252124504,0.0003944159310636939,0.00028457059673723227,0.0003024149466214725,0.0002955429743899373,0.019859907629787555,0.016869220395063677,0.017390081846313216,0.017191363366235307,0.7230912727917188,0.34190425096058485,0.5155145742156273,0.47988609369189994
47.jpg,Clean,130.64604316546766,428.0478753687698,379.1761562178828,488.8794058278557,0.37896793223170855,0.22824159348136405,0.26791881004722895,0.23134179121047582,4.98201438848921,10.457999068371205,9.759712230215829,11.22804202681021,6.282580728337911,6.735621120828666,6.672184443150486,6.762507523066392,0.007415262181680295,0.004383305483469037,0.005232647093307588,0.004416978038912033,0.08611191660670603,0.0662065365614985,0.07233703818451229,0.06646034937398412,0.9153119713587762,0.7234424087080692,0.7541851285108757,0.6841393385840163
48.jpg,Clean,137.64753340184996,450.08498524921066,436.69743062692703,555.5281817711299,0.472589167177273,0.27619551868448106,0.3008329427331581,0.27475455754325107,5.2994347379239475,9.92226075254904,9.458890030832482,10.83360074530304,6.177245424576274,6.728481551635067,6.657333124610757,6.741780782308979,0.014920647830582993,0.005695566758411478,0.006316188423508735,0.005740977829204607,0.12215010368633747,0.07546897878208951,0.07947445138853577,0.07576924065347763,0.9280576860339897,0.7659116534021597,0.7728764174242607,0.7110703742404073
49.jpg,Clean,222.51269270298044,1293.709383572279,1221.849023638232,1245.0213757051913,0.3923414139797723,0.21367676178372294,0.23819836468194053,0.2153998489052691,8.169116135662895,21.55514724910719,20.62178828365878,21.071580145955178,7.199330549383205,7.844399273908455,7.788523381119823,7.838141504309291,0.008801541940724321,0.004318398083438509,0.005437618632153444,0.004236449477246436,0.09381653340815957,0.06571451957854146,0.07374021041571176,0.06508801331463755,0.9248406829673687,0.5637776588914919,0.5877109018266413,0.5801893353118283
5.jpg,Clean,167.69337101747178,513.8709176543657,423.6517985611511,491.06417887272914,0.3178043575060089,0.15978831826546744,0.1672394189311553,0.16197601970050715,7.037255909558071,14.001242171730242,12.77399794450154,13.587443714093475,7.168006707252019,7.755934725179643,7.712875016141861,7.742923685042811,0.00538590504780143,0.0018642447343188628,0.001933296117473955,0.0018583741372422264,0.0733887256177775,0.04317690047141947,0.043969263326487006,0.04310886378973849,0.8921768404521252,0.6706611152083737,0.7276435377176808,0.6852764976279482
50.jpg,Clean,118.8237923946557,460.58154339837495,408.96875642343264,467.45561823922174,0.4819710040022491,0.27241809955820173,0.28542100681313276,0.2752152740491902,5.233556012332989,10.403395269396,9.269681397738951,10.331245794731124,6.070516897521807,6.663468870662306,6.589995209172227,6.648617085154555,0.022744622537178006,0.007388532838299805,0.007587969999862684,0.007407813523884604,0.15081320412078647,0.08595657530578918,0.08710895476277214,0.08606865587357923,0.9149679493400097,0.6700734014609917,0.7071309457341778,0.6651525098868757
51.jpg,Clean,74.45436793422405,540.5726411676415,519.0421377183969,551.8244914859479,0.4138816324685884,0.17870316552521762,0.19451356496747016,0.17886626166083164,4.218910585817062,11.6589203457378,11.231449126413159,11.862688266652865,6.70008655641096,7.404159290597349,7.3680366845071,7.418659101571536,0.0040361497323943805,0.0016475871547328475,0.0018110937765717552,0.0016381912527267774,0.06353069913352426,0.04059048108525997,0.04255694745363858,0.04047457538661496,0.9583039637238331,0.69869516549886,0.7117718048524531,0.6924251119686899
52.jpg,Clean,14.970554984583762,322.85357900729764,311.2102261048305,303.3794834635889,0.6012432393165517,0.2668924333681062,0.28593245283122143,0.2721969155863031,1.7475334018499489,7.830857616065419,7.540030832476875,7.508255266290566,5.307965848764295,6.299501756953422,6.247388629674097,6.266656719093751,0.01602837506826136,0.004951644375403709,0.005360641746476553,0.005079941633487169,0.12660321902803798,0.07036792149412763,0.07321640353415725,0.07127370927268462,0.9857239993081361,0.6938013871386473,0.704395592359323,0.7122727909080395
53.jpg,Clean,70.96603288797535,926.2140158376897,890.3241007194245,893.3088349464314,0.31950460922349905,0.1497826297225081,0.16658214648717817,0.1522470549822796,4.965724563206577,17.43093007608302,16.64588900308325,16.891568759380984,7.176821149568788,7.886533724649896,7.8304911388229534,7.8679245051089115,0.002917919225036943,0.0012733878232072762,0.001404132016659467,0.0013035457889333884,0.05401776767913445,0.035684560011400954,0.03747174958097723,0.03610465051670475,0.970357771109895,0.6148382469855197,0.630493364526891,0.6285148225092071
54.jpg,Clean,30.120092497430637,208.72527301899493,193.8950154162385,215.10139226748095,0.5336111337698495,0.3485155422599277,0.4124680104896037,0.33195245231571335,2.3473278520041116,5.2144816520884,4.70878725590956,5.380570363852803,4.973054717716827,5.423018589757484,5.307922496138143,5.4517684568362075,0.021095236862924877,0.012213255521031351,0.01539345604708423,0.01174482661032815,0.14524199414399705,0.11051359880589968,0.12407036732066296,0.10837355124903932,0.9655784790433892,0.7625314825711523,0.7780492298289308,0.7552787499532626
55.jpg,Clean,76.84290853031861,351.35132757103656,311.10662898252826,328.8456601625175,0.4537326883290954,0.34037749268075224,0.37918416115465386,0.3355462491059771,4.533350462487154,9.410537756844882,8.574152106885919,9.033745665338232,5.9787588055781,6.397436648763015,6.293428274910262,6.389638069827985,0.019983622557247113,0.013534234960785974,0.01727429919227149,0.013252039123030466,0.14136344137451914,0.1163367309184248,0.13143172825566699,0.11511750137590056,0.9327560172444174,0.6941993487473321,0.7282722686110515,0.7137863597805202
56.jpg,Clean,24.29131551901336,219.6674085192278,196.19008221993832,194.81797008436416,0.5679675668235032,0.34641527422667595,0.3915650125177265,0.35633147695860085,2.2979958890030834,6.745613581077585,6.1429085303186035,6.346358884115731,5.428338140339647,6.120715186548192,5.996451660616006,6.070803917866479,0.02483307393139959,0.015523524886178931,0.019327200550527134,0.015883989994016665,0.15758513232979687,0.124593438375297,0.13902230234939691,0.1260317023372162,0.9673691201019953,0.706329199616185,0.7379683095324155,0.7395501244836806
57.jpg,Clean,58.629239465570386,698.5789555406035,677.5739979445016,688.2394803581595,0.4771019470928728,0.2648973931887531,0.28481268654249603,0.2652055260826446,3.2865878725590956,11.38139847833963,11.03689619732785,11.205268878422444,5.840813980106118,6.535786944742039,6.493584235821854,6.526345167118726,0.012822330888775981,0.005771834962549702,0.006370958584769244,0.00580319303208158,0.1132357315019247,0.07597259349627142,0.07981828477716897,0.07617869145687382,0.9690057943649439,0.6279432193110599,0.6391774574749065,0.6334502550321067
58.jpg,Clean,383.8354059609455,610.65312354433,781.2658273381294,1109.936131670203,0.08276025938336046,0.062078910030902316,0.06440919825305536,0.049123337440736776,14.603956834532374,18.38150199265048,20.699434737923944,25.165053568655857,8.539797195271365,8.673693906418793,8.736969668008317,8.813571733435476,0.00027340453287054694,0.00023340143859925638,0.00022197350033642145,0.00019603883183384955,0.016534948831809154,0.015277481421990223,0.014898775128728585,0.014001386782524421,0.7197243781680113,0.5546609978771462,0.43037306290921645,0.19055780923660126
59.jpg,Clean,88.12137718396711,510.0418715387403,541.7901336073996,644.0101444024637,0.30216419567052527,0.16033667062567464,0.1818916575553577,0.15463509186019286,5.777595066803699,13.22410848299777,13.116649537512846,14.438693649397027,7.1771873847669045,7.6749148774476526,7.628200495707412,7.707820140114277,0.0024367691282299363,0.001263133364795519,0.0014814231422085938,0.0012364578431486345,0.049363641764257386,0.035540587569643796,0.03848926008912868,0.035163302506286784,0.9523928714002835,0.7258040757351385,0.7083157338061168,0.6537829638694262
6.jpg,Clean,179.66767728674208,289.7885720200818,254.26469681397742,353.0490657833446,0.15712844578612117,0.09431474402235575,0.11335793112005633,0.09585765244109763,9.301181911613567,12.2568707623829,10.960277492291885,12.943688214895708,7.575490051357338,7.750492839766645,7.687840904851052,7.77174468702857,0.0008528351302220593,0.0006328739383290389,0.0006929319266653922,0.0006200679199284635,0.029203341079781595,0.02515698587528003,0.026323600184347738,0.024901163023611235,0.7419897780474173,0.5850765205478873,0.6373620877946734,0.4945002007225697
60.jpg,Clean,143.92867420349435,793.5442782464677,741.954367934224,768.5993996169968,0.40073159540658054,0.23768001313014636,0.2808970399915942,0.24014530784062166,5.892394655704009,14.599606645618756,13.82774922918808,14.345375498162623,6.6765566550279,7.244206182229969,7.162815972768883,7.2353724847371135,0.008244656073702193,0.004540606143126186,0.005966369467925882,0.004658449371964115,0.09080008851153282,0.06738401993890084,0.07724227772357495,0.06825283416799711,0.9413532447878773,0.6784044334619127,0.6995585992459289,0.6885140970473002
61.jpg,Clean,124.86603288797535,653.947621758708,651.7604316546763,755.2429998447287,0.48654865457740726,0.3410862137104488,0.3730801393365211,0.3313968463008988,4.943833504624872,11.27705605299933,11.034840698869477,12.419854044821697,5.884524759490636,6.3395581887498835,6.2796718436295125,6.388342433362652,0.021657538746568457,0.013120820630125164,0.01608676294905935,0.01267790062230231,0.1471650051696002,0.11454615065607907,0.12683360339066044,0.11259618387095678,0.9412784255122821,0.6928361062943532,0.6936141533969474,0.6452573770469173
62.jpg,Clean,116.89321685508735,565.230215827338,496.1769784172662,534.5163811396926,0.1925771538124545,0.10566032561226052,0.12267832726987082,0.11226721393744701,6.634121274409043,14.455928782154132,13.05005138746146,13.65338233010714,7.407786737110207,7.87342027488285,7.810494953544321,7.83511600208403,0.0010784923668758428,0.0006435596840459923,0.0007110839004614837,0.0006708406152020351,0.03284040753212181,0.0253684781578634,0.026666156462105364,0.025900591020322973,0.919399947761783,0.6121049440531693,0.6589370719627634,0.6331903021215757
63.jpg,Clean,83.5331449126413,584.4949019201905,561.3372559095582,596.6492417576729,0.19365124544719917,0.11472453194305642,0.12844528214451328,0.11135794151029738,6.430472764645426,13.842865276124424,13.139414182939362,14.249676517778582,7.2974990543688545,7.623562470677206,7.576398211929186,7.635696423370924,0.001266642830208011,0.0008672236732391004,0.0009403205669204175,0.0008537345600383685,0.035589925965194294,0.029448661654464036,0.030664646857911433,0.029218736455198888,0.9600648045943374,0.7218881983900884,0.7330821012055889,0.7161049736973212
64.jpg,Clean,83.57980472764648,396.89669271776825,368.07374100719414,395.74452668081364,0.4313219634652076,0.2876572912027151,0.33756549659595847,0.2887071053263487,4.448047276464544,10.46752238496972,9.927800616649535,10.487241861187309,6.128780754172182,6.627720684477978,6.519959002418601,6.623403854907015,0.015538521319194833,0.009664616767034409,0.013131619502518666,0.009752884669828715,0.12465360531968112,0.09830878275634589,0.11459327860969275,0.09875669430387347,0.9257166185624065,0.6485403600935941,0.6741336732984887,0.6495614928301172
65.jpg,Clean,94.61849948612534,859.5754878111895,835.9725590955807,871.4478029087522,0.2277516556673434,0.14243037419466914,0.15076968842438102,0.14208054554850058,6.483144912641315,17.358314787019307,16.780781089414184,17.387557579835416,7.398846498965324,7.942348246980565,7.911632255877403,7.936612906688815,0.005491661288499664,0.004346197363001727,0.004388742713067836,0.00436226214541952,0.07410574396428164,0.06592569577184398,0.06624758646975629,0.06604742345784216,0.9552682975341292,0.5950926380146442,0.6061011443954227,0.5895025855189812
66.jpg,Clean,202.68186022610485,424.566637337612,350.85534429599187,414.1193002432587,0.3659714787376187,0.27732126912153426,0.31265243380354607,0.2709231669575228,6.498098663926003,9.762745199523835,8.964182939362797,9.985145696392529,6.310671788596612,6.5813934944835735,6.494078932951439,6.604399767692113,0.011304642088707545,0.007507341775668935,0.009012612109695594,0.007397025983648411,0.10632329043397569,0.0866449177717247,0.0949347781884784,0.08600596481435697,0.8629066410675762,0.714294822948669,0.7634124535230629,0.7213247414460991
67.jpg,Clean,20.78448098663926,203.49935303555722,186.91289825282627,181.98685368252157,0.4614806711138339,0.2595373261435442,0.2830884428277671,0.2776762688068115,2.5567317574511814,7.451218881010301,6.954830421377184,6.87894001345686,5.72800418688491,6.415468466840304,6.352944455007024,6.356752967661539,0.012400234121908172,0.005698745158334559,0.006243713882219727,0.006076365321467185,0.11135633849003913,0.07549003350333446,0.07901717460286546,0.07795104438984243,0.9638278165574046,0.647844913418377,0.6759875435701399,0.68507092400809
68.jpg,Clean,235.44100719424455,745.421976088194,660.6923946557039,754.6386315408104,0.3398780813605189,0.1753114799210711,0.21169960834600762,0.17491811596333623,7.822199383350459,15.72268516122353,14.36279547790339,15.707313286061792,7.215665253584409,7.787911891781673,7.690673215236779,7.779344005201418,0.0062811612404394465,0.0038562857905343998,0.004611479367379681,0.0038227136902090754,0.07925377745217856,0.06209899991573455,0.06790787411913056,0.061828097902240815,0.8806885816650442,0.6233499092005592,0.6665582942125778,0.6186903351678013
69.jpg,Clean,94.87970195272355,530.1183168573056,485.68874614594046,505.3393199109777,0.29992416263629645,0.17244651926767152,0.2056642624801785,0.1731935469678564,5.772507708119218,13.655504373479637,12.79922918807811,13.376895605817507,7.081575546039692,7.6058146764571894,7.53197765584382,7.598243147713802,0.00373836784338496,0.0020059226140759683,0.002466786958041849,0.0019822821763842867,0.06114219364223825,0.04478752743874089,0.0496667590853465,0.04452282758747794,0.9336383439482286,0.6297562008158832,0.6610518239426736,0.6470609309086224
7.jpg,Clean,1825.154676258993,2597.9464313441335,2164.045632065776,3307.8801821851876,0.03307422703466847,0.025114808429418288,0.02987289095222431,0.02201108542997707,33.211613566289834,40.20190466331971,36.1846865364851,45.44811345168469,9.640540245907056,9.707809549597268,9.671865208791736,9.733139435962917,7.870784564537479e-05,7.248841291069427e-05,7.557468927222044e-05,7.037751603805469e-05,0.008871744227905513,0.008514012738462062,0.008693370420741338,0.00838913082732977,0.5219223046507019,0.3190238401575737,0.4334308568508633,0.132943120658273
70.jpg,Clean,41.351747173689624,208.19279540396462,195.96721479958893,218.57186481031007,0.3400693952331944,0.19616142551371216,0.23625307516434496,0.21047850774244356,3.7828879753340185,8.130169245898248,7.233710174717369,7.724910718906891,6.318468320827224,6.745683728187442,6.63931880437118,6.699103397988075,0.00427188377032921,0.0026662676785838375,0.0031849267319370186,0.0028422998691825245,0.0653596494048829,0.05163591461941812,0.056435155106874815,0.05331322414919702,0.9545571807214079,0.7723186048992449,0.7865125716729634,0.7609667744294393
71.jpg,Clean,235.44100719424455,745.421976088194,660.6923946557039,754.6386315408104,0.3398780813605189,0.1753114799210711,0.21169960834600762,0.17491811596333623,7.822199383350459,15.72268516122353,14.36279547790339,15.707313286061792,7.215665253584409,7.787911891781673,7.690673215236779,7.779344005201418,0.0062811612404394465,0.0038562857905343998,0.004611479367379681,0.0038227136902090754,0.07925377745217856,0.06209899991573455,0.06790787411913056,0.061828097902240815,0.8806885816650442,0.6233499092005592,0.6665582942125778,0.6186903351678013
72.jpg,Clean,48.593268242548824,581.9751565653951,563.0762589928058,572.651674343978,0.3549319558516202,0.1684855621891242,0.1954385728071935,0.17316331593403578,4.20426515930113,12.421303245173647,11.689928057553958,12.010506702551629,6.78095949665682,7.411662164782177,7.343340931007423,7.383007451035642,0.0033219181518681683,0.0015485772513556958,0.0018108627178421714,0.0015973180744491948,0.057636083765885485,0.039351966295926,0.042554232666588775,0.03996646187053834,0.9706483422831964,0.6498959578835412,0.6616272818346595,0.655502747416819
73.jpg,Clean,106.98741007194245,312.94984731639147,265.87877697841725,288.30914548936386,0.21981232568284415,0.1798819013116272,0.22811601788646127,0.18257450073412906,6.710739979445013,10.394700067284305,9.056680369989722,9.962165519383055,7.106248437345295,7.326236222246379,7.179009743659074,7.30402453342322,0.0021951358308449406,0.0018465097181446111,0.002501139449620747,0.0018706135887791428,0.046852276687957654,0.04297103347773487,0.05001139319815783,0.04325059061769149,0.8625150114390024,0.5995402882520388,0.6602917808328138,0.631071438045469
74.jpg,Clean,57.745169578622814,920.1505615651364,911.0124357656734,936.6561772165003,0.36501460926581947,0.1185432337535506,0.12806761457945362,0.1202763974932638,4.4908016443987675,17.47399202939806,17.21151079136691,17.656021945033903,7.159484261484365,8.033120411885191,8.001162142592472,8.030577293077384,0.002339534333478746,0.0007076420127100582,0.0007545269026300033,0.000709230542970814,0.048368733015024756,0.026601541547625736,0.027468653090932642,0.026631382671029567,0.9763718047696787,0.6236658564575023,0.6271780505511559,0.6169116470652867
75.jpg,Clean,83.45292908530317,506.9545054603799,486.7580678314492,521.0633507582422,0.33814545505491206,0.13561332659899872,0.1460374258023267,0.13650629704968253,5.261973278520039,13.770819315770401,13.298869475847892,13.980177009471559,6.989377594907818,7.676095892517789,7.647312777445636,7.681223514715975,0.0036249430935357415,0.0012244219806501957,0.001276711709475468,0.0012197608631903066,0.06020750030964366,0.03499174160641616,0.035731102830383894,0.034925074991906696,0.929767487854689,0.5751895678574256,0.5916287981080413,0.5633588750640088
76.jpg,Clean,119.32214799588903,488.8359815744528,509.67096608427556,617.7111950727187,0.2565840584474725,0.1597647564980444,0.1995874964190291,0.15848693907749636,6.609198355601233,13.26535893587289,13.100154162384381,14.661559960664562,7.260174081095289,7.672281721376638,7.6015066645898575,7.7089183369172085,0.002524304737681005,0.0016593162942720007,0.002278080633423082,0.0016330573265130551,0.05024245951066692,0.0407347062622526,0.04772924295883062,0.04041110400017618,0.9240970013708948,0.6904427240012795,0.6769868517821545,0.6088362412079799
77.jpg,Clean,47.27132579650565,660.1063091972467,604.3459917780062,589.7479944102271,0.4091120431256824,0.229183919166272,0.26502123949708206,0.23035054367599161,3.8620760534429595,13.185342373583147,12.228520041109968,12.329020237047772,6.641504292414844,7.358205684984554,7.275333038637083,7.337094639636476,0.0076810668628509325,0.004096325303309296,0.0051081407667875394,0.004080318115158966,0.08764169591496351,0.0640025413816459,0.07147125832659965,0.06387736778514724,0.9762866821726901,0.6701482198799777,0.6982626744575113,0.7053031559206216
78.jpg,Clean,205.896865364851,460.79897520832236,524.7230729701954,737.4245121888099,0.20547957429973943,0.16110458781088977,0.16424359245383563,0.12395014287221301,8.887718396711204,12.50033642151027,13.710020554984588,17.129392888566837,7.5885636085054315,7.7714212697386795,7.828204332482952,7.986821127941093,0.0016306091817193734,0.0012690066406752928,0.0012963358574629065,0.0009788601152065895,0.040380802143089894,0.035623119468616064,0.0360046643848114,0.03128674024577488,0.8678984708636891,0.7055652215982681,0.6639592295182838,0.528818704113656
79.jpg,Clean,80.8189619732785,290.4988872211584,247.23078108941414,263.07644531856533,0.16995161576943746,0.09301505018343342,0.10781976555893609,0.09941338910815185,6.432836587872559,12.336473267429225,11.099023638232271,11.54184566016252,7.285562163465317,7.708226958103227,7.650117130035907,7.6750759878338535,0.0010287408012218911,0.0006618371578556622,0.0007190930561966517,0.0006916709884020925,0.0320739894809157,0.025726195946071433,0.026815910504710664,0.0262996385602938,0.8342217500874568,0.4057209521423468,0.49354245919094425,0.4618300022259694
8.jpg,Clean,2324.678931140802,2646.5912737435947,1841.4032374100723,3075.41183168573,0.02736720783302482,0.026190246395627302,0.030519750407594054,0.024499867447545922,37.330524152106904,40.301330158894466,33.427286742034944,43.407484084674685,9.63115378405812,9.650683287315895,9.591094049717373,9.670879586575802,8.063817628909649e-05,7.80871114688373e-05,8.353895359706953e-05,7.628829516175922e-05,0.008979876184508141,0.008836691205923022,0.009139964638720958,0.008734317097618979,0.3786594178618918,0.29136060944656583,0.5076397904390884,0.17654992197203453
80.jpg,Clean,250.66803699897227,411.9207080378863,318.4481500513873,411.70881424356924,0.18383974164078254,0.12556505994093692,0.17617232038747752,0.12833390958859875,10.220041109969172,13.635319082863207,11.508684480986638,13.477252730189951,7.70869005509957,7.918400368931021,7.7746416369214035,7.910259837682428,0.001284920235885877,0.0008933781676756699,0.0013121957286615275,0.0009032736664669524,0.03584578407408432,0.029889432374598048,0.036224242278638866,0.030054511582571965,0.7213387700573481,0.5425302921142537,0.6466797406435583,0.542763145018185
81.webp,Clean,51.827132579650545,206.0438900678019,189.04414182939368,211.29775891517005,0.30572647178186463,0.19191937408772147,0.22481121568406306,0.20218066278282798,4.327132579650565,8.300502044407638,7.324100719424461,7.866363024688163,6.447508350650756,6.825626337700681,6.726521300205105,6.78192469307864,0.0037737818847843455,0.002559079389226778,0.0029888542550191256,0.0027210974212097095,0.061431114956383016,0.05058734416063743,0.05467041480562522,0.0521641392261936,0.935490293378148,0.7447476404270928,0.7673665660419189,0.7382390153970764
9.jpg,Clean,154.09871531346354,527.0068319445163,518.5136176772867,639.0336939081828,0.21070912478421314,0.13778318642666126,0.15867286265033326,0.1378422782850349,7.637153134635149,14.586460328140365,14.155344295991776,15.630764453185655,7.506154963495261,7.899840819875783,7.8442285047320315,7.917719825518306,0.0016737392643512562,0.0010920007051359927,0.0013808545000734101,0.0011086534848425463,0.040911358622652175,0.033045433952907814,0.037159850646543376,0.033296448531976296,0.8994234706352711,0.6578564799129187,0.6628519753477514,0.5851274284719885
1.jpg,Dirty,152.54768756423434,460.05967600020705,483.8863823227133,650.8954505460379,0.3587625020888705,0.16355584364767148,0.17093886594087335,0.16308949996328187,6.548098663926002,12.82537135759019,12.88196300102775,14.632317167848457,7.079302080366754,7.666862197879759,7.643038280864416,7.705708562040695,0.004247993618025856,0.0013776039804828724,0.0014440708481518998,0.0013578089646956008,0.0651766339881545,0.037116087893026554,0.038000932201090805,0.03684845946163287,0.9166484500687045,0.7496858169171108,0.7357987994923619,0.6458545790835881
10.jpg,Dirty,258.62774922918817,901.2518503183062,802.8652620760536,912.4501837379019,0.2611207110865648,0.13077640357951115,0.14913703210947263,0.13436729654425492,9.188489208633095,19.314165933440297,18.018499486125393,19.254179390300706,7.7285416179697695,8.267727706540647,8.217977132725776,8.258417888838892,0.003584002127324716,0.0018076335876063092,0.0020572795910973472,0.0017827421488492438,0.0598665359556131,0.04251627438530226,0.0453572440862245,0.04222253129372094,0.888244021165493,0.6097120276259803,0.6516401377047527,0.6048621956114564
11.jpg,Dirty,94.89244604316545,552.6251746803996,495.0250770811923,533.8700895398789,0.26869660712369964,0.1130958608985142,0.13214891859960065,0.11600006970336237,5.5253340184994855,15.079395476424613,14.041829393627955,14.70917654365716,7.331419836781627,8.03922257110352,7.987341006762232,8.01938304441976,0.0016423086754498912,0.0007042908299845862,0.0007861647842201942,0.0007293309423158024,0.04052540777647883,0.026538478290674208,0.028038630212979275,0.027006127866019636,0.9358324505413936,0.6280243396611905,0.6661963103524117,0.6406497490148999
12.jpg,Dirty,642.8743062692703,1036.3356451529423,542.9585303186021,933.5413798457636,0.12836304232991436,0.0991854898566507,0.127290706005043,0.09422804340253345,15.706474820143889,20.418560115936028,14.500976361767727,19.67087624864137,8.3269894508509,8.48296844904531,8.28508534181156,8.47841696324676,0.0006209723162594578,0.0004902665138830942,0.000622268885816321,0.00048447226269588675,0.02491931612744334,0.022141962737821916,0.024945317913715213,0.02201073062612613,0.7625356477227221,0.6182294070277425,0.7995071586110369,0.6560893081945148
13.jpg,Dirty,271.736125385406,970.1822887014125,794.2961973278519,909.0298121215255,0.15517811146313643,0.08829471512322155,0.10612195056553456,0.08983814111776459,10.079804727646454,20.176284871383466,17.923843782117164,19.573676310749956,8.054565074266677,8.466229132749653,8.392210584458326,8.459215961357211,0.000730407011932665,0.0004644723184685679,0.0005242445303777533,0.00046452053692504956,0.027026043216361973,0.021551619857184005,0.02289638684110996,0.0215527385017554,0.8909062816980683,0.6120187809477478,0.6835739646000151,0.636477404339614
14.jpg,Dirty,73.86089414182939,195.9281610682677,143.78967112024665,200.74100719424462,0.44942491728869227,0.21938493180417853,0.23878684984411608,0.21519199614186035,3.1106372045220967,7.063609544019461,6.407656731757451,7.251539775373946,5.931162852159833,6.635273714269637,6.582797188718407,6.645953061101675,0.007298379472900904,0.003169581303149915,0.0034475467636461963,0.003121745915517017,0.08543055350927387,0.05629903465557749,0.05871581357391036,0.05587258644019459,0.8989907279999656,0.7333474462197775,0.80342007774204,0.7267968094806515
15.jpg,Dirty,93.71572456320656,371.8966409606127,295.27903391572454,300.85828890844147,0.4271560376994216,0.26353473878716843,0.2877107463004166,0.26178537781306993,4.364439876670091,9.606593861601365,8.62147995889003,8.895657574659696,6.311850554738115,6.835778932584355,6.7501342392936765,6.820649452662457,0.010443973407384797,0.005713812086583488,0.006423271601482579,0.005621929138954636,0.10219576022215793,0.07558976178414302,0.08014531553049485,0.0749795247981383,0.9268351444348208,0.7108610212876437,0.7700003782104365,0.7660913038433523
16.jpg,Dirty,217.14321685508736,591.3214119352,509.18756423432694,661.6181357072614,0.3161770702853387,0.1783064786887137,0.19736899985724718,0.1777778785979037,7.508067831449129,14.571864810310029,13.473278520041111,15.288235598571498,7.234846562333184,7.760222174463665,7.706106170292215,7.776401812036456,0.003748510661445885,0.001847925465602975,0.002045944509991772,0.001835982021812792,0.06122508196357017,0.042987503598173445,0.04523211812409156,0.042848360783264414,0.8720051150942288,0.6526807910634741,0.7004156666849167,0.6113857014794305
17.jpg,Dirty,131.9577595066804,663.1979711195072,607.7728674203496,623.2237979400653,0.34923255990710345,0.20740948465033493,0.22796273886821639,0.20638847116289294,6.115107913669065,13.221675896692714,12.463001027749232,13.016976346979973,6.768377361922339,7.2716386086124585,7.213764141420295,7.272659269696413,0.006702446000914728,0.003284548836819343,0.003798015324343082,0.0032731599052787,0.08186846768393023,0.05731098356178633,0.06162804008195524,0.05721153647017968,0.9329066640333474,0.6643440916445239,0.6921354620178433,0.6845727362033701
18.jpg,Dirty,994.8187564234327,1675.6464986284354,1168.9271325796506,1563.0399565239895,0.05254602289675874,0.03713594246353528,0.0470846340525376,0.03934338953884358,23.511459403905448,31.010092645308216,25.607810894141828,29.948812173282953,9.183647981939568,9.306744989104423,9.22662124667729,9.298319132034782,0.00013361136080124303,0.00011546311224993346,0.00012756158309294423,0.0001165815125599931,0.011559038056916458,0.010745376319605258,0.011294316406624361,0.010797291908621953,0.625210459697686,0.3687607595997018,0.5603958543239873,0.4111764515469071
19.jpg,Dirty,159.00529290853032,467.1278919310594,430.67219938335046,540.9121681072409,0.36698651529293347,0.22642242756791917,0.24010513529409522,0.2182256383510815,6.454008221993834,12.082293877128508,11.466957862281602,12.935976398737125,6.875324479386529,7.365356010091061,7.315960529295389,7.402273084054386,0.006314075886552543,0.0029962346126969405,0.003363640756752988,0.00287073268568785,0.07946115960991598,0.054737871832004396,0.05799690299277185,0.05357921878571812,0.9012645406260231,0.7111384226251912,0.7336526235032527,0.6655241474249061
2.jpg,Dirty,363.15549845837626,940.2017493918536,746.9977903391573,856.61554784949,0.20734187627330267,0.10569418735867087,0.11642025969386023,0.11013099173766504,10.675745118191166,18.963614719735002,16.80262076053443,17.932767455100663,7.767399372286753,8.200603875064465,8.134469346906105,8.170269882976033,0.0013480600044997043,0.0006761004451632377,0.000741369758399711,0.0007059235604971162,0.036715936655622776,0.026001931566005585,0.027228106037690374,0.026569222052915214,0.8548149076248495,0.6240000696450304,0.7007109595069574,0.6574339421596117
20.jpg,Dirty,824.1878211716341,1338.1104497696806,831.2223021582735,1195.1793385435537,0.05054289174203258,0.03731374127823348,0.051953381395542966,0.040920038778642455,21.59511819116136,27.785518347911605,21.78725590955807,26.19005227472698,9.012887312913012,9.133791946650241,9.022275806709713,9.110241638412495,0.00016219266548294183,0.00014239847780119104,0.00016282906724099505,0.0001462586331228581,0.012735488427341207,0.011933083331695587,0.012760449335387647,0.012093743552881304,0.6320003697337658,0.4042455259135847,0.6291342152089502,0.46787681925771984
21.jpg,Dirty,293.6587358684481,794.2079084933492,541.7224563206578,680.1567724237875,0.27245554833927116,0.2338985980810371,0.3040677629892302,0.2305123357786421,8.647533401849952,13.463226541069302,10.280524152106887,12.437296206200505,6.850843079966897,7.020603023924626,6.781218589694876,7.0121980275881075,0.004706134226373125,0.003915827547879783,0.005842638178401633,0.003821589932292741,0.068601269859771,0.0625765734750616,0.07643715182031335,0.061819009473565174,0.8893790619330317,0.7024893800586496,0.7961821578436405,0.7452124057882462
22.jpg,Dirty,597.3856115107913,1163.8503183065054,799.0801130524153,1055.9070441488534,0.07775218422565026,0.06206767471143774,0.07710069661594682,0.06616698845694367,16.30051387461459,22.47585528699342,18.221428571428575,21.295171057398683,8.447556445314964,8.593003907962585,8.483737852565374,8.566084426922458,0.0003784834414072032,0.0003258080922415641,0.00036953420672652905,0.0003334734874205722,0.019454650893994556,0.018050154909073888,0.01922327252906042,0.018261256457882964,0.7794439099371564,0.5712459094759966,0.7056688004698017,0.6109913846377754
23.jpg,Dirty,252.29866392600204,1004.3646809171365,957.9172661870505,1107.974328450908,0.1951884643340368,0.09289916936249812,0.10419915403794384,0.09176814732782351,9.853031860226105,20.893949588530607,19.92312435765673,21.67103152010765,8.085784721174777,8.58148378560775,8.53614045848125,8.593626113268733,0.0008365501109610034,0.00042601140241663545,0.0004821971229359194,0.00042039529163809627,0.028923176017875415,0.020640043663147506,0.02195898729304062,0.020503543392255307,0.9050219856321883,0.6227926592262863,0.6395259882818488,0.5838825501098425
24.jpg,Dirty,307.2696813977389,880.9870089539878,701.2775950668039,812.5460379897518,0.16474989019286604,0.12449735973924188,0.1378708618257787,0.12459436903881735,11.662384378211716,19.059572485896172,16.291161356628987,18.311267532736395,7.945282196975279,8.197828981759525,8.11255551391855,8.184834310465018,0.004732522453627174,0.003923541161515271,0.0039574035970166765,0.003922930394399836,0.06879333146190243,0.0626381765500503,0.06290789773165748,0.06263330100194174,0.8520365708640946,0.5766454431292707,0.6632484804569544,0.60953519113789
25.jpg,Dirty,393.52076053442966,864.7571036695823,598.7306269270298,785.7739247450961,0.21413980214534115,0.14936489211220388,0.1815909815090513,0.16185146853627452,11.611305241521073,17.708607214947467,14.722096608427547,16.70979762952228,7.840729966046564,8.117725451552818,7.981446336839609,8.06200006191265,0.0020053362683513445,0.001337278617446984,0.001728226873793873,0.00146512449720171,0.0447809811008127,0.036568820290610746,0.041571948159713094,0.03827694472135557,0.8595946554911905,0.6925581768905282,0.7868560736416584,0.7206338210984365
26.jpg,Dirty,566.283658787256,1512.0864862067176,1272.9174203494347,1496.052274726981,0.1322550755824395,0.07088085337252553,0.08138715835053982,0.07106502688040361,15.534224049331964,26.889550230319333,24.407965056526212,26.838983489467417,8.643666000861472,8.982446631666438,8.928010125356815,8.982999584061417,0.00043127309927128035,0.00025489079737122934,0.00029239359943553013,0.00025509036820500053,0.020767115814943594,0.015965299789582072,0.017099520444606924,0.015971548710284816,0.8284882980347672,0.5417335133240087,0.6135107986747176,0.5466008818979815
27.jpg,Dirty,240.9805241521069,780.2946017286889,637.5941932168552,747.925055638942,0.26032403778345037,0.1569036201861653,0.1780017393106847,0.1584927965020298,8.684018499486125,17.048910511878262,15.039928057553958,16.54676258992806,7.515661469328477,7.949374555282064,7.872733676952919,7.944037450102419,0.0030361539574682937,0.001601235824038326,0.0018538726499346698,0.0015832034607157711,0.0551013063136283,0.040015444818698766,0.0430566214412449,0.039789489324641644,0.895082537452833,0.6615856961603989,0.7230760718347927,0.6756279014773283
28.jpg,Dirty,282.55770811921894,449.3597639873712,283.5410071942446,447.62331142280425,0.12329679457156348,0.09677034646268237,0.11861812714028587,0.09641740959909519,10.598715313463513,13.65902386004865,10.83001027749229,13.495264220278454,7.667031862414408,7.809239501165239,7.684212909906344,7.8033137816704095,0.0008519505053716535,0.0007250060146497153,0.0008356615251038048,0.0007274075616628137,0.029188191197325904,0.026925935724682167,0.028907810797495628,0.026970494279171336,0.7421077581053658,0.5918963706381815,0.7417204186564499,0.5934744893861256
29.jpg,Dirty,363.5788797533403,512.8281144868278,482.5585303186024,740.0681641736969,0.09499362615178392,0.0715191620289411,0.08782285821964095,0.0696696781373675,13.076310380267218,16.08395010610217,14.725745118191162,18.033176336628536,8.138301133480187,8.26397720474706,8.197678785973892,8.302011774091335,0.00046832171614052194,0.0003953136578582432,0.0004389336864086767,0.00038479533733740655,0.02164074204228039,0.01988249626828189,0.02095074429247507,0.01961620088950474,0.763473164537713,0.6676946586236601,0.6862496440112918,0.5204419225785379
3.jpg,Dirty,312.6962487153135,931.8510946638372,821.819218910586,868.1006159101497,0.2819452432242808,0.18033257997753263,0.1944626708899633,0.17892553711672288,10.67435765673176,19.062419129444645,17.852415210688598,18.601418146058695,7.615312871203083,8.023222237109906,7.972383062193775,8.028537216455312,0.00552755461172099,0.0031099886485449167,0.0036917692391381296,0.0030559679044666805,0.07434752592871528,0.055767272199247084,0.06075993119760859,0.055280809549668145,0.8579311144506175,0.5779504944836727,0.6286370541921716,0.606819030242375
30.jpg,Dirty,66.43951695786228,384.2330624708866,374.5206063720452,433.53340924382803,0.4116488737499482,0.21198288363693088,0.2255863449568981,0.20421750486816279,4.143730729701953,11.076083018477304,10.787718396711199,11.907509963252423,6.558493554760638,7.25802850574316,7.227240392099187,7.292814829882768,0.007103132205731524,0.0030791181211841305,0.003307993892655658,0.0029919431700700786,0.08428008190392036,0.05548980195661299,0.05751516228487631,0.05469865784523491,0.9520653861333183,0.7242704275518307,0.7310984992833018,0.6888978619691355
31.jpg,Dirty,186.79039054470704,825.3192381346721,695.9677286742037,817.2753998240255,0.36844924054586764,0.2767986185367947,0.320471311400838,0.2734612837846349,6.119167523124356,13.777703017442159,12.356628982528262,13.818435898763003,6.599982076886433,6.971565345967723,6.8551791295265225,6.984828635320235,0.010919115977222624,0.007620373874071248,0.009834183013301592,0.007368869083866283,0.10449457391282393,0.08729475284386369,0.09916744936369792,0.08584211719119166,0.9251490770767614,0.6710011397916398,0.7221352486711484,0.6742060665719425
32.jpg,Dirty,412.57153134635155,819.1402618912063,637.7851490236383,904.3979607680759,0.18297222450689216,0.14386290343342026,0.15880659928846091,0.1306623793746646,12.23196300102775,17.455048910511874,15.43273381294964,18.537394544795813,7.987345982331489,8.197532523033635,8.120692071328296,8.247305996813191,0.0014225506982462775,0.0010668708528996573,0.0012233503462976208,0.0009702933027716893,0.037716716429804405,0.03266298903804821,0.03497642557920436,0.03114953134112437,0.8465845870883612,0.6964019173667113,0.7632692372089451,0.6648067889249313
33.jpg,Dirty,835.6705035971222,1866.8338595310802,1423.248304213772,1716.01392267481,0.06374017819570793,0.03894050505245067,0.04779900145397956,0.039909089572167954,21.07995889003083,32.37912116350084,27.944604316546762,31.14409192070804,9.18923328608808,9.40391165554942,9.335324071319663,9.397998173817623,0.00013948025253266775,0.00010732758712022987,0.00011704643039349171,0.00010843125401303129,0.011810175804477584,0.010359902852837466,0.010818799859203039,0.010413032892151609,0.7344851812467349,0.40786553740329484,0.5486942517717299,0.4557143617532223
34.jpg,Dirty,283.26495375128474,493.33693908182806,442.97985611510785,618.1583251384503,0.11176880869397461,0.08844222340765598,0.09990049898264007,0.08394554905129026,11.237923946557041,14.483981160395423,13.13895169578623,15.628849438434862,7.77001806653243,7.9004305123093905,7.838499094589468,7.92351531453762,0.000729877557358019,0.0006249018201907452,0.0006757992519506637,0.0006116337082488877,0.02701624617444139,0.024998036326694645,0.025996139173936266,0.024731229412402606,0.7921617394548193,0.6393229165640474,0.6755550536208165,0.5480689295474153
35.jpg,Dirty,558.7771325796506,1234.8683815537497,938.9128468653647,1227.6960302261784,0.24980742294727787,0.17007137806549927,0.18715988714228637,0.16663538249170637,14.2396197327852,22.483929403239994,19.454059609455292,22.811707468557525,7.998921912518551,8.345745929075484,8.274946928491257,8.36533958127709,0.005090874738177451,0.0030319644889498175,0.003598859863804742,0.0028977819003724666,0.07135036606897999,0.0550632771359444,0.059990498112657324,0.05383104959382147,0.8176492463622271,0.597229494440715,0.6931246508102722,0.5995706120163542
36.jpg,Dirty,221.75637204522099,1218.7803426323687,1029.0866392600205,1090.5616686506908,0.3538133821732139,0.17255570490567493,0.18180525580423318,0.17192343124762374,7.7428057553956835,19.849127891931058,18.09105858170606,18.95906009005745,7.269442834956854,7.952171787576552,7.900743399738474,7.949459800173628,0.005488743346828923,0.0019681836354696904,0.002089083834972838,0.0019329560348051642,0.07408605365943663,0.044364215708943736,0.04570649663858343,0.043965395879090687,0.9458613052709389,0.7033896403917723,0.7493758270192759,0.7345935444679337
37.jpg,Dirty,94.35991778006165,205.20899539361315,145.8500513874615,210.27053465141557,0.5563037572115497,0.313715304636194,0.3430382772939413,0.30701989393302925,3.1718396711202455,6.846177734071736,6.2215827338129515,7.186739816779672,5.665150130826475,6.417425994726883,6.367743616481444,6.473999259852966,0.016893878818542582,0.008636654190310712,0.010094756524834464,0.00835199251426679,0.12997645486218873,0.09293360097570046,0.10047266556051185,0.0913892363151525,0.9055263697274849,0.7929885938312571,0.8525365490461477,0.7878818984874265
38.jpg,Dirty,360.3483556012333,963.0683712023188,857.7523124357657,1080.8751099839553,0.15506678595735462,0.09784369428888827,0.1155382211491256,0.09927963570267359,11.549383350462488,19.249003674758036,17.641212744090442,19.813777754774595,8.133158214149228,8.449429249803668,8.370656647817535,8.445388159592708,0.000701652743287678,0.00046719532185821033,0.0005312475903875343,0.00047059606244173304,0.0264887286083662,0.02161470152137684,0.02304880887133941,0.021693226187953996,0.8665173502914975,0.6438785254994775,0.6824362471495518,0.6003121048770532
39.jpg,Dirty,203.25935251798555,603.4101754567567,495.570811921891,646.8284767869156,0.40172793711236987,0.16108359110781106,0.16921955408624267,0.15507366928158714,6.656988694758477,13.30055380156306,11.672970195272354,13.739092179493813,7.110129429051426,7.809665129392115,7.73075555059925,7.83708649123585,0.003073011125675879,0.0010094507076394675,0.001074515516055809,0.0009634355667387488,0.0554347465555303,0.03177185401640054,0.032779803477992496,0.031039258475980845,0.9010099093901399,0.7072046433174026,0.7588038261617884,0.686135223526863
4.jpg,Dirty,530.8432168550872,757.7657471145387,534.1992805755395,743.3365767817402,0.06711750608916811,0.055191035364148454,0.069176138139098,0.055614995065951425,16.637872559095584,19.774856373893694,16.554984583761563,19.633352310956994,8.344438541974407,8.411211249967423,8.338953292046238,8.41166431443452,0.0003479968924581375,0.0003248075592695709,0.0003527118108772415,0.0003244378844365452,0.018654674815127104,0.01802241824144504,0.018780623282448363,0.01801215934963227,0.6238280900568709,0.4647508092361563,0.6223662979333864,0.4749903189694039
40.jpg,Dirty,341.5284172661871,1316.770405258527,1211.4316032887973,1420.5065472801614,0.2616788536821883,0.14829461313934889,0.16352126701863612,0.1489238632215632,10.445066803699898,22.425702603384917,21.08525179856115,23.210755136897678,7.7578922459564135,8.262949933828981,8.209094306330147,8.278355045257445,0.0039998431441310035,0.0022138995320937233,0.0025763180382136794,0.002211601119001434,0.0632443131366845,0.04705209381200504,0.05075744318042113,0.04702766333767216,0.9041887436807885,0.6316124806794151,0.6613856984101942,0.6025913649353396
41.jpg,Dirty,614.4863823227132,1041.0087987164227,640.5902877697843,759.4664872418613,0.06817864456223044,0.05538209640550197,0.06807832155897015,0.06268920981783924,18.297893114080168,22.996066456187574,18.6177286742035,20.701723513275713,8.609467551384407,8.710206578472864,8.624844311175844,8.667506984698397,0.0002465383441301576,0.00021572133788933106,0.00024017828755641798,0.00022901757726413624,0.015701539546495356,0.014687455119568232,0.015497686522717448,0.015133326708431833,0.6084246756233088,0.3369733832184438,0.5922016896259987,0.5162747066617165
42.jpg,Dirty,360.288694758479,1145.3052637027067,914.9108941418293,1038.5925676724805,0.17914692233226603,0.10545596609359369,0.1229940433471361,0.11031186778456623,11.168036998972253,21.340044511153668,18.84655704008222,20.397857253765334,7.981014284743724,8.3753378127876,8.2965913707935,8.348400668092893,0.001118513059175329,0.0006538342334812828,0.000757413156246402,0.0006775657504796511,0.03344417825534556,0.025570182507782042,0.027521140169811314,0.02603009317078314,0.8664146284907965,0.5761771100524833,0.6614004227718874,0.6156672595561419
43.jpg,Dirty,250.3033915724563,574.6916308679675,459.1637718396711,602.1473526214999,0.2571303198173949,0.17917964218883306,0.18884114107307737,0.17884971355735488,9.045118191161352,14.972568707623829,13.489979445015416,15.410537756844883,7.37307554006812,7.733659643840077,7.678654512156524,7.746964464071284,0.010213392639287477,0.007934983229794957,0.008212138848603981,0.007926733855531894,0.10106133107815014,0.08907852283123557,0.0906208521732387,0.08903220684410723,0.8362755259026081,0.6252245985798062,0.7003371868242975,0.6073235969129075
44.jpg,Dirty,682.5295991778007,1113.2135500232903,615.1027235354576,1170.8963304176802,0.21513527620401382,0.11818417715898641,0.14721457983691347,0.12167907912635725,13.671531346351491,20.704880699756735,15.863155190133607,21.181822887014125,7.984490668526605,8.351204956714575,8.227648899780856,8.354657679435503,0.0016821313174097345,0.0007845718812233363,0.0009629973308095561,0.0007833932078426751,0.04101379423327881,0.028010210303090127,0.031032198291606028,0.027989162328349075,0.7375661620415235,0.5723761413178767,0.7631942020812851,0.5502156916167482
45.jpg,Dirty,419.20524152106896,717.9285751255111,448.2866392600206,715.656643030899,0.12155565217780685,0.0959328932841649,0.11746736904574448,0.09116906496548922,12.420554984583763,16.50732363749288,13.129085303186024,16.857305522488485,7.9838110625964935,8.149365473380582,8.02201980351664,8.176074424794056,0.0007204305561570418,0.0005958836851997955,0.0006941479557508009,0.0005739442875006609,0.026840837471231067,0.024410728895299206,0.02634668775673331,0.02395713437581091,0.7879631869383503,0.6384414152200992,0.7731579779826957,0.639579732260934
46.jpg,Dirty,144.71515930113054,735.7553956834533,665.2716855087357,740.8414678329278,0.27316069239675755,0.08553027740524272,0.09092042301106325,0.08564959227184109,6.821120246659815,18.186325759536256,17.063874614594035,18.13218777495989,7.625299988419354,8.348362300122963,8.315489767078708,8.349148389865103,0.0013965836580478678,0.0004602371307075995,0.0004871919525017188,0.0004651781830953962,0.0373708931930703,0.02145313801539531,0.022072425161311995,0.02156798977872987,0.922568564073962,0.6073296951563675,0.6448011001783049,0.604625915598316
47.jpg,Dirty,557.6378725590955,1317.87811189897,1194.0475847893113,1547.1905698462813,0.13923313563537915,0.07312790052999657,0.0833218000984676,0.07084639289695532,15.540955806783145,24.977226851612233,23.27194244604317,26.86242948087573,8.617279727030406,8.910704140792367,8.865007046615197,8.945378632104532,0.00048700050384006404,0.0002990682793193711,0.00032782084419089307,0.0002848759802949492,0.022068087906297273,0.01729359070058532,0.018105823488339133,0.01687826946979308,0.8356557297382444,0.6120720337163966,0.6493164314197291,0.5445717361614066
48.jpg,Dirty,410.1982528263103,1101.326173593499,909.7858684480985,1148.2404637441127,0.1335187382668828,0.08520071371510735,0.09593732654169163,0.08318557104326038,13.219938335046251,22.471352414471298,19.963771839671118,23.184514259096318,8.430578395792162,8.75001637714082,8.676478871809008,8.770099421138962,0.0005453963066516395,0.000344898582803577,0.00038694283158116,0.00033539820747513,0.023353721473282144,0.018571445361187617,0.01967086250221784,0.0183138801862175,0.8557956122805725,0.613288985599203,0.680466829352518,0.5968076380896892
49.jpg,Dirty,421.80133607399796,815.8542518503183,560.6153134635149,719.1139174990944,0.10030043032931506,0.07267458117616185,0.08403627238063437,0.07503611402956836,13.021274409044192,18.290461156254853,15.337307297019528,17.33171160912996,8.09549988574821,8.286078799160853,8.207001627085331,8.267994849460484,0.0005371481701733019,0.00043720210252507695,0.00047609057079692283,0.00044227039806192254,0.023176457239476915,0.020909378339039088,0.02181949978338007,0.02103022582051659,0.7989117899676869,0.6115554199795568,0.732327258775593,0.6576125533024837
5.jpg,Dirty,95.70806783144913,259.6834014802546,200.8779033915725,203.23782412918587,0.20361788010683246,0.13997082295922705,0.1589141750578207,0.13845713339550275,6.187821171634121,9.664458361368458,8.600000000000003,9.305315459862323,6.898518620848384,7.150653206703458,7.088168657217046,7.148985743983175,0.0018570361740265693,0.0013927271635977038,0.0015258141453362059,0.00138662618945121,0.043093342571986326,0.0373192599551184,0.039061671051507846,0.037237429952283366,0.8454621675657112,0.5822170900967096,0.6757646388712977,0.6730221403222015
50.jpg,Dirty,332.605704008222,1238.3879198799236,1099.986022610483,1276.5102737953523,0.22999743791573354,0.12169071308831647,0.1357446105003063,0.12095201605032997,10.077132579650566,22.014026189120642,20.54624871531346,22.538429687904355,7.880258646907829,8.409102327735555,8.360463725639493,8.422381473764228,0.0016871631163722675,0.0009215203340405363,0.0010866309154995782,0.0009218538450312008,0.04107509119128365,0.030356553395280834,0.03296408523680853,0.030362046127216144,0.8961477326475141,0.6142877684365479,0.6568357534620145,0.6024116401882882
51.jpg,Dirty,1020.4092497430627,1825.3592981729723,1574.7436793422407,2060.0091610165096,0.10204898862669409,0.05065821136480481,0.056206619915815784,0.04802661385019196,22.61829393627955,31.336421510273794,29.039362795477906,33.575436054034455,9.123667487396936,9.352504944274347,9.323034206604111,9.390157358983817,0.0002523200937121394,0.00013445850530055179,0.00014110558565333901,0.00012868166633374047,0.015884586671114215,0.011595624403220026,0.01187878721306763,0.011343794177158738,0.7111347662061464,0.48159100504349556,0.5525359656052352,0.4149678238408247
52.jpg,Dirty,491.68633093525193,703.3480151130894,434.1998972250771,785.785207804979,0.14920644476700415,0.12420542777128539,0.16697445408679606,0.11865281409821787,12.968036998972254,15.704000828114486,12.162281603288799,16.89301795973293,7.872540054143502,7.992918876492099,7.827245314543585,8.037859879150984,0.001053869428315812,0.0009036393230952709,0.0011659817645809942,0.0008586823094340099,0.03246335516110145,0.030060594190655494,0.03414647514138164,0.029303281547192115,0.7634178541409087,0.6628281582311274,0.7919248103523494,0.6233094814539257
53.jpg,Dirty,303.944193216855,875.0989596811759,749.1054470709148,902.8854096578851,0.2668854370408262,0.15610950513185026,0.17370624162056306,0.1544356737532651,9.784994861253855,18.32632886496558,16.72219938335046,18.6173075927747,7.749917893665087,8.21760437163239,8.13905309081293,8.223102406587198,0.003473795035326899,0.0018723735624407215,0.0022395004272606003,0.0018327125425830247,0.05893890934965542,0.043270932072705826,0.04732336027017313,0.042810192040950074,0.8972583922594746,0.7048496106377706,0.7471178922463823,0.6954806324070142
54.jpg,Dirty,244.95462487153134,996.8860825009059,823.7289311408017,897.2706381657265,0.37542816826033293,0.2156776939724055,0.24791942503771966,0.2246023062265933,7.114439876670093,16.97189586460328,14.999126413155189,15.884478029087523,6.78962647785328,7.355950429863793,7.265227813073067,7.3157776965994215,0.008079728993196577,0.0044221655411885155,0.0053166613677197985,0.004583923729267073,0.08988731274877772,0.06649936496831015,0.07291543984451988,0.0677046802611686,0.9249457656344177,0.6962372580219103,0.7486085996007031,0.7265904935778479
55.jpg,Dirty,161.1049331963001,629.7468039956525,557.8049331963003,613.7627969566792,0.47618502892356346,0.38003453405787935,0.411889828585079,0.37398187730426113,5.787255909558067,11.490709590600899,10.664234326824257,11.586305056674085,5.7468914674095295,6.131936406164743,6.040840766793661,6.153457089006622,0.04654453650411048,0.03378312840011609,0.03932455195731833,0.03292177666335519,0.2157418283599879,0.18380187267847978,0.19830419046837697,0.1814435908577517,0.9274438365318234,0.7178339954217404,0.7493252776662469,0.7249960520543939
56.jpg,Dirty,181.39635149023636,399.91071890688875,277.6036485097636,407.74582060969925,0.4330752878701268,0.2843324724542672,0.3046569695526727,0.2810559113498563,6.094295991778004,10.534703172713625,8.535714285714285,10.536048858754723,6.263392520777482,6.733803798212234,6.636963527684342,6.7417015491849845,0.017734461234418717,0.008578901873461421,0.008927321070760483,0.00824590789180253,0.13317079722829145,0.09262236162753258,0.09448450174901957,0.090806981514653,0.8596259855327418,0.6918109968920717,0.7854065992716333,0.6857697504210429
57.jpg,Dirty,265.1859198355601,1071.8306505874434,954.9047790339159,1070.0450287252213,0.519697007258543,0.37482238826063946,0.3832325222704205,0.3781753076110461,7.849434737923949,17.189897003260697,15.868088386433714,17.087831892759176,5.978490089175446,6.5220010050304955,6.489805286334551,6.517353834931693,0.053150603287741294,0.025468260079135423,0.02592247094997619,0.025590972032676438,0.23054414607129214,0.15958778173511726,0.16100456810282182,0.15997178511436458,0.9204999934673685,0.6799581775323948,0.7145471797641025,0.6804894661537804
58.jpg,Dirty,361.5744090441934,1251.210651622587,1085.4243576567314,1193.8557010506702,0.2788652200042612,0.15559850071156123,0.1684704721947118,0.1597961991772494,11.063720452209663,22.42632368925004,20.617780061664952,21.831375187619685,7.854422616187807,8.360142905308889,8.308541197536977,8.342070557266798,0.005036970717068984,0.0023973895106282335,0.0025972572404563514,0.002443036316097496,0.07097161909572716,0.04896314441116127,0.05096329306919198,0.04942708079684148,0.8866838482121391,0.6084547360523712,0.6598012150982218,0.6264002649767586
59.jpg,Dirty,101.10241521068862,356.3228093783966,270.52029804727647,286.96092334765285,0.4600634482359289,0.32368789518535435,0.36641082074749115,0.3307346756675071,4.468807810894141,8.951555302520573,7.598715313463515,8.029294549971533,5.801328581646284,6.256250840391437,6.130695947460472,6.2088917415969105,0.02253507999649318,0.014456683500113783,0.017673448526452668,0.014729599963799725,0.15011688777913423,0.12023594928353909,0.1329415229582265,0.12136556333573262,0.920615404069052,0.7217277543301364,0.7894734174459538,0.7758942024688529
6.jpg,Dirty,207.21957862281607,429.6177216500181,350.10539568345325,478.9059572485896,0.33109264089754675,0.23277694833931448,0.26292178928566884,0.22526567537978454,7.25195272353546,11.164639511412455,9.939722507708119,11.531080171833754,6.813843975451472,7.127436536881696,7.030966674908393,7.140398175134214,0.006460794218831368,0.004035957135195881,0.004937703925833052,0.0039534794653840796,0.08037906579969294,0.06352918333487281,0.07026879766890175,0.06287670049695737,0.8616428443838907,0.714885593521176,0.7672500152973128,0.6821750685026126
60.jpg,Dirty,595.6486125385405,1535.464779255732,1307.4725077081193,1601.6222762796956,0.18912831800971056,0.11864135681262131,0.1327836040599373,0.11982913308601433,15.074614594039055,25.294291185756425,23.08905447070915,26.07390921794938,8.348452144087394,8.681229993105955,8.618988985182225,8.696823531104698,0.0015819350099130795,0.0009401621250769561,0.0010993972403929742,0.0009437477030769918,0.0397735466096887,0.030662063287994108,0.033157159715406476,0.03072047693439983,0.8513445974878112,0.6169429735973888,0.6740894887476608,0.6004397528119834
61.jpg,Dirty,414.9350976361769,605.1506133222917,376.5792394655704,593.2142746234666,0.10113940493743302,0.07986399609418188,0.10429574075425627,0.08201440690034076,13.184224049331965,16.358107758397594,12.856526207605347,16.189482946017282,8.013195365006949,8.134375865547375,8.00827048451974,8.132520602463297,0.0005991326451392112,0.000516810774176223,0.0006015660236456262,0.0005173291225834004,0.024477186217766355,0.022733472549881662,0.024526842920474422,0.02274487024767124,0.7148428898210945,0.5829676040061371,0.7411164902223628,0.5911595256092533
62.jpg,Dirty,239.4126927029805,605.1900522747271,631.2604316546762,818.4810827596916,0.33987803536875105,0.2249891048079257,0.2463328718346385,0.2199502168152208,8.685457348406988,14.833652502458467,14.747995889003086,16.75518865483153,7.258357002795749,7.68656547011337,7.621434478310687,7.721104694749618,0.00730332677038519,0.004409375595606765,0.005482891619460266,0.004394034090036196,0.08545950368674739,0.06640312941124661,0.0740465503548968,0.06628751081490537,0.8908046927154532,0.7244466512052631,0.7129308462854841,0.6273259021743078
63.jpg,Dirty,540.8610996916751,1653.3402515397754,1487.4794964028783,1702.4417990787222,0.16125873126884588,0.08996539946234251,0.09527010414930648,0.08786259952846735,15.194707091469681,28.63894208374307,26.85853031860227,29.143833134930908,8.6089900745724,9.024669923684533,8.993198446709505,9.034251655741736,0.0014602608032499268,0.0007594781928293631,0.0008180548499095308,0.0007606461509974732,0.0382133589631941,0.027558631911424106,0.028601658167133087,0.0275798141943972,0.8438021402105889,0.5214525364658527,0.5699857525323258,0.5072365651742086
64.jpg,Dirty,93.03129496402877,586.6408053413385,539.6322713257966,562.2680503079551,0.43277505588452936,0.25730634122637885,0.3090127743047057,0.2633650603176865,4.622661870503598,12.186170488069978,11.213771839671121,11.803581595155531,6.362642293908221,6.926949113960323,6.809896251971721,6.905172435431367,0.012374388552584744,0.0070204532325426885,0.008893223403951928,0.007069270401525617,0.11124022902073127,0.08378814494033561,0.09430388859401254,0.0840789533802938,0.950500225952173,0.6894114153603896,0.7150251490125724,0.7023165113112309
65.jpg,Dirty,321.3764645426516,841.5734692821284,688.8905960945528,822.4538067387817,0.27489875504086086,0.15872293040794275,0.17616510653234305,0.1592691486691219,9.6224049331963,17.316753791211635,15.500565262076053,17.282024739920292,7.51862710935443,7.912005961942759,7.837208918315596,7.908909776698343,0.0031827217714889906,0.001674677890866102,0.0019481446116047995,0.0016954386151845748,0.056415616379589355,0.04092282848076489,0.04413779119535548,0.041175704185655096,0.8702443885490215,0.6608359486911206,0.7218702819465197,0.6685387934420988
66.jpg,Dirty,375.68946557040084,991.4133326432379,781.8809352517987,936.4991460069355,0.1611366665238594,0.11979818181782942,0.14032950848413514,0.12333795578407439,11.873021582733816,18.769577144040166,15.79594039054471,18.298328243879716,7.878067427096699,8.11381469710085,8.005970364188038,8.103112824276955,0.0025934203452096637,0.002045827405019211,0.0021206860675018935,0.0020555420845986883,0.050925635442374835,0.045230823616414624,0.04605090734721623,0.04533808646820781,0.8472364687434821,0.5982630787459978,0.6827129555330881,0.6205176666761646
67.jpg,Dirty,344.5965056526207,1228.5644635370838,1135.6250256937305,1359.8352052171213,0.31011472467549633,0.19721696241281736,0.21576924197326647,0.19445023609323997,9.740493319630007,20.76155478494902,19.727081192189107,21.922157238238192,7.366768778173796,7.859820371147004,7.797986254243449,7.87556964455962,0.007539825282631033,0.004597420878877217,0.0053890395245101835,0.004512063495692208,0.08683216732657911,0.06780428363221026,0.07341007781299638,0.0671718951325047,0.9041628873065508,0.6595113668335512,0.6850092652852897,0.6231305364124108
68.jpg,Dirty,240.09933196300105,1124.0120594172142,958.2603288797533,967.9701361213185,0.24934967098669028,0.11413286632214345,0.13360833196481728,0.12071639959142762,8.923895169578625,20.683763780342634,18.706474820143878,18.970187878474203,7.778737911394109,8.3242396778252,8.255766666599643,8.280921321884279,0.0014967416758121914,0.0006642802263173974,0.0007695127116629991,0.0006978844722803759,0.03868774580939281,0.025773634324972438,0.0277400921350849,0.026417503142431457,0.9118366499099356,0.5887598906948739,0.6498915921539342,0.6458514588668958
69.jpg,Dirty,520.1205035971223,1487.8752134982662,1146.6796505652621,1227.9294549971532,0.1432605412356397,0.05784102675281784,0.0652372726912765,0.060451513509661214,15.17127440904419,27.30205475907044,23.598869475847888,25.033021065162256,8.667287275429347,9.057005229560113,8.991443302442214,9.029148542316548,0.00044166678109575156,0.000198315814501037,0.00021786065494983252,0.00020401630757841899,0.02101586974397566,0.014082464787850066,0.014760103487097661,0.01428342772510923,0.8137533949209972,0.46786380613762335,0.5898988311859629,0.5608268847026388
7.jpg,Dirty,162.27497430626929,1056.3391646395114,950.3009249743062,1008.3613684591897,0.32438590699496317,0.17504988303899013,0.19595686522662445,0.17541544237570905,6.63273381294964,17.63174783913876,16.344501541623845,17.320532063557792,7.181289874530574,7.731278492442463,7.65849674858779,7.716965992385823,0.004141808268258392,0.0019633376805932882,0.0023179481667932435,0.0020039697665884624,0.06435688205824139,0.04430956646812614,0.04814507416956841,0.04476572088762184,0.9475830731151936,0.660456895658491,0.6943657591409926,0.6758757468466642
70.jpg,Dirty,626.9646454265161,1187.4584131256142,865.5635662898253,1113.017907975778,0.13491559638771886,0.10562513822559229,0.14071477580297967,0.1083938900395608,16.6688591983556,22.97593292272656,19.259044193216855,22.474768386729465,8.444056040937943,8.609991149470156,8.476364481534576,8.601896365125336,0.000876652664067542,0.0006853704434218278,0.0009603038461904093,0.0006953235364805748,0.029608320858629283,0.02617958065786822,0.030988769678553057,0.026368988158072634,0.778182060185323,0.5799240292372426,0.6932367787345421,0.6062586174231459
71.jpg,Dirty,522.1267214799589,1098.1794420578644,830.6143884892087,1100.0782568190054,0.21779840832833358,0.12492400500267817,0.13730295438179374,0.12209695155914913,13.814594039054473,21.90005693287097,18.852620760534432,21.885306143574354,8.154935862460428,8.538777446664074,8.463068701767337,8.544270141993781,0.0023594001028805498,0.0009793878394247504,0.0010480097789335703,0.0009592767248672101,0.048573656470154165,0.031295172781512975,0.03237297914825835,0.030972192768146237,0.8110634514656168,0.6035488893028861,0.6993513587019291,0.6028699063183569
72.jpg,Dirty,63.91587872559095,129.83805186066974,95.21402877697841,122.97412142228664,0.39889807787949355,0.25961914520488877,0.3242233505533721,0.27105904380283596,3.4409558067831454,5.447181822887015,4.502209660842755,5.1900522747269795,5.574286936357702,5.911960150646762,5.782030565427241,5.8852728129202685,0.008674356653276703,0.005448605218328335,0.006873899500279382,0.005658634099549697,0.09313622632078618,0.07381466804320355,0.08290898323028321,0.07522389314273555,0.8541675961700187,0.705549070876221,0.7846343030888322,0.7211161395819712
73.jpg,Dirty,349.81762589928064,734.9637699912012,524.7270811921893,709.3451167123857,0.13263589090985783,0.10000886321125764,0.12223751835829079,0.09783647745891358,11.600256937307298,16.705501785621863,13.881038026721484,16.68925003881787,7.91767278352058,8.119274074445812,8.008665881234872,8.12782492282343,0.0007926410303265245,0.0006320649397814028,0.0007353939194848793,0.0006194852802459772,0.02815388126576022,0.025140901729679522,0.027118147419852988,0.024889461228519535,0.8310760629193099,0.6459541433541465,0.7465523274140355,0.6583215430684518
74.jpg,Dirty,147.49758478931142,630.1733864706796,558.4379753340186,595.7725273018996,0.33619957007487056,0.1619603843402767,0.17380463988976932,0.16123707319183703,6.554419321685508,15.243310387661095,14.346197327852007,14.971740593137003,7.124795132457016,7.786061656074419,7.744055947094139,7.78263314701903,0.004408228225817525,0.0017494379288377066,0.002013043067234658,0.0017548571475856135,0.06639448942357735,0.04182628275185002,0.044866948494795784,0.04189101511763129,0.9165685726139392,0.6447945298494646,0.6860236774776135,0.664183086382233
75.jpg,Dirty,159.08108941418294,761.6339733968222,733.5596608427545,819.0892293359558,0.3158893381340353,0.24045881423453613,0.26376806635386496,0.2380000923821075,7.36454265159301,16.178251643289688,15.7275950668037,17.016355261114846,7.214825461614382,7.6270948671336445,7.547322100060122,7.649796607171759,0.010083488780844361,0.007988574025969565,0.010122799132592328,0.008150495621039535,0.1004165762254637,0.08937882314043727,0.10061212219505325,0.09028009537566703,0.9284470845614889,0.6587479237034941,0.6707111518128508,0.6330053882360235
8.jpg,Dirty,570.740030832477,1228.9212256094406,919.8170606372047,1191.7689560581753,0.09601230093341555,0.057540548240582245,0.06816220701609373,0.05792841896820797,15.943525179856113,24.751876196884222,21.293833504624875,24.278349981885,8.668130168882517,8.927548862794525,8.853786324154434,8.916935208225459,0.0002942618743061636,0.00020530749069087113,0.00022668181707753753,0.0002074545514058719,0.017154062909589773,0.014328555080358631,0.015055956199376296,0.014403282660764244,0.7849951643576467,0.5378342943281508,0.6532540655229101,0.5518045857354998
9.jpg,Dirty,482.4547790339157,1490.9908907406448,1194.9004110996916,1250.8554940220488,0.1333261353097427,0.05703509548903474,0.06520388004475539,0.058269467797511944,14.934840698869476,27.3782412918586,24.23196300102775,25.416852129806948,8.689226163846882,9.060132675064166,9.007800982680475,9.03808767203572,0.00035497090508477083,0.00018670588170151937,0.00020146868850536955,0.00018873909328316073,0.018840671566713613,0.013664036069241011,0.014193966623370986,0.01373823472223272,0.8207758852671515,0.4461861868651014,0.5564366969495291,0.5353784351673337
